<?xml version="1.0" encoding="utf-8"?>
<window>
	<allowoverlay>no</allowoverlay>
	<coordinates>
		<system>1</system>
		<posx>0</posx>
		<posy>0</posy>
	</coordinates>
	<controls>
        <control type="image">
            <description>workaround for texture not being loaded</description>
            <posx>-10000</posx>
            <posy>-10000</posy>
            <width>1</width>
            <height>1</height>
            <texture>tvguide-program-red.png</texture>
        </control>
        <control type="image">
            <description>workaround for texture not being loaded</description>
            <posx>-10000</posx>
            <posy>-10000</posy>
            <width>1</width>
            <height>1</height>
            <texture>tvguide-program-red-focus.png</texture>
        </control>

        <!-- Background -->
		<control type="image" id="4600">
			<posx>0</posx>
			<posy>0</posy>
			<width>1280</width>
			<height>720</height>
            <texture>tvguide-background-default.jpg</texture>
            <fadetime>500</fadetime>
            <animation type="Conditional" condition="Control.IsVisible(5000)">
                <effect type="fade" start="100" end="0" time="500" />
            </animation>
		</control>
        <control type="image">
            <posx>0</posx>
            <posy>0</posy>
            <width>1280</width>
            <height>720</height>
            <texture>tvguide-background.png</texture>
            <animation type="Conditional" condition="Control.IsVisible(5000)">
                <effect type="fade" start="100" end="0" time="500" />
            </animation>
        </control>

        <control type="label" id="5000">
            <description>visibility marker for TV Guide group</description>
        </control>
        <control type="group">
            <description>TV Guide group</description>
            <posx>0</posx>
            <posy>0</posy>
            <width>1280</width>
            <height>720</height>
            <visible>!Control.IsVisible(5000)</visible>

            <control type="button" id="5001">
                <description>marker for EPG data view - should be hidden!</description>
                <posx>340</posx>
                <posy>200</posy>
                <width>920</width>
                <height>320</height>
                <visible>false</visible>
            </control>
			
			<control type="image">
                <posx>-1</posx>
                <posy>11</posy>
                <width>142</width>
                <height>110</height>
                <texture>eminence-top.png</texture>
            </control>
            <control type="image">
                <posx>30</posx>
                <posy>10</posy>  
                <width>75</width>
                <height>75</height>
                <texture>livetv.png</texture>
                <colordiffuse>PanelFG</colordiffuse>
            </control>
			<control type="label">
                <posx>30</posx>
                <posy>60</posy>
                <width>400</width>
                <align>left</align>
                <textcolor>PanelFG</textcolor>
                <font>Font-Button</font>
                <label>Live TV</label>
            </control>
			<control type="label">
                <posx>150</posx>
                <posy>20</posy>
                <width>400</width>
                <align>left</align>
                <textcolor>PanelFG</textcolor>
                <font>Font-Header</font>
                <label>Television</label>
            </control>
			
			<control type="image">
				<description>workaround for texture not being loaded</description>
				<posx>18</posx>
				<posy>198</posy>
				<width>1242</width>
				<height>480</height>
				<visible>true</visible>
				<texture>desc-bg.png</texture>
			</control>
			
			<control type="image" id="4100">
                <posx>180</posx>
                <posy>200</posy>
                <width>-100%</width>
                <height>318</height>
                <texture>tvguide-timebar.png</texture>
            </control>

			<control type="image">
				<description>workaround for texture not being loaded</description>
				<posx>0</posx>
				<posy>200</posy>
				<width>18</width>
				<height>400</height>
				<visible>true</visible>
				<texture>tvguide-background-default.jpg</texture>
			</control>
			
			<control type="image">
				<description>workaround for texture not being loaded</description>
				<posx>18</posx>
				<posy>200</posy>
				<width>322</width>
				<height>400</height>
				<visible>true</visible>
				<texture>desc-bg.png</texture>
			</control>
			
			<control type="image">
				<description>workaround for texture not being loaded</description>
				<posx>1262</posx>
				<posy>200</posy>
				<width>-4</width>
				<height>400</height>
				<visible>true</visible>
				<texture>desc-bg.png</texture>
			</control>
			
			<control type="image">
				<description>workaround for texture not being loaded</description>
				<posx>1280</posx>
				<posy>200</posy>
				<width>-20</width>
				<height>400</height>
				<visible>true</visible>
				<texture>tvguide-background-default.jpg</texture>
			</control>
			
			<control type="image">
                <description>stealth guide logo</description>
                <posx>25</posx>
                <posy>5</posy>
                <width>160</width>
                <height>65</height>
                <aspectratio>keep</aspectratio>
                <fadetime>500</fadetime>
                <texture>ftvguide-logo.png</texture>
				<visible>false</visible>
            </control>

            <!-- Date and time row -->
            <control type="group">
                <posx>0</posx>
                <posy>10</posy>
                <width>1280</width>
                <height>50</height>
                <visible>true</visible>
				
			

                <control type="label" id="4000">
                    <description>Displays todays date</description>
                    <posx>1250</posx>
                    <posy>-20</posy>
                    <width>180</width>
                    <height>100</height>
                    <textcolor>ffffffff</textcolor>
                    <font>font13</font>
					<align>right</align>
                    <aligny>center</aligny>
					<visible>false</visible>
                </control>
				
				<control type="label" id="3999">
                    <description>Displays todays date</description>
                    <posx>1194</posx>
                    <posy>32</posy>
                    <width>500</width>
                    <height>100</height>
                    <textcolor>ffb8b8b8</textcolor>
                    <font>Font-Button</font>
					<align>right</align>
                    <aligny>center</aligny>
                </control>
				
				<control type="label">
                    <description>Displays todays date</description>
                    <posx>1192</posx>
                    <posy>30</posy>
                    <width>180</width>
                    <height>50</height>
                    <textcolor>ffb8b8b8</textcolor>
                    <font>Font-Button</font>
					<align>right</align>
                    <aligny>center</aligny>
					<label>$INFO[System.Time(xx)]</label>
                </control>
				
				<control type="label">
                    <description>Displays todays date</description>
                    <posx>1155</posx>
                    <posy>18</posy>
                    <width>180</width>
                    <height>50</height>
                    <textcolor>ffffffff</textcolor>
                    <font>Font-Header</font>
					<align>right</align>
                    <aligny>center</aligny>
					<label>$INFO[System.Time(hh:mm)]</label>
                </control>
				
                <control type="label" id="4001">
                    <description>1st half hour column</description>
                    <posx>342</posx>
                    <posy>150</posy>
                    <width>270</width>
                    <height>50</height>
                    <textcolor>ff363636</textcolor>
                    <font>Font-WidgetCategory</font>
                    <aligny>center</aligny>
                </control>
                <control type="label" id="4002">
                    <description>2nd half hour column</description>
                    <posx>565</posx>
                    <posy>150</posy>
                    <width>270</width>
                    <height>50</height>
                    <textcolor>ff363636</textcolor>
                    <font>Font-WidgetCategory</font>
                    <aligny>center</aligny>
                </control>
                <control type="label" id="4003">
                    <description>3rd half hour column</description>
                    <posx>795</posx>
                    <posy>150</posy>
                    <width>270</width>
                    <height>50</height>
                    <textcolor>ff363636</textcolor>
                    <font>Font-WidgetCategory</font>
                    <aligny>center</aligny>
                </control>
                <control type="label" id="4004">
                    <description>4th half hour column</description>
                    <posx>1022</posx>
                    <posy>150</posy>
                    <width>270</width>
                    <height>50</height>
                    <textcolor>ff363636</textcolor>
                    <font>Font-WidgetCategory</font>
                    <aligny>center</aligny>
                </control>
            </control>

            <!-- Channels column -->
            <control type="group">
                <posx>0</posx>
                <posy>0</posy>
                <width>180</width>
                <height>400</height>
                <visible>true</visible>
				
				<!-- text labels background -->
				<control type="image">
                    <description>1st channel</description>
                    <posx>20</posx>
                    <posy>200</posy>
                    <width>317</width>
                    <height>38</height>
					<texture>label-background.png</texture>
                </control>
                <control type="image">
                    <description>2nd channel</description>
                    <posx>20</posx>
                    <posy>240</posy>
                    <width>317</width>
                    <height>38</height>
                    <texture>label-background.png</texture>
                </control>
                <control type="image">
                    <description>3rd channel</description>
                    <posx>20</posx>
                    <posy>280</posy>
                    <width>317</width>
                    <height>38</height>
                    <texture>label-background.png</texture>
                </control>
                <control type="image">
                    <description>4th channel</description>
                    <posx>20</posx>
                    <posy>320</posy>
                    <width>317</width>
                    <height>38</height>
                    <texture>label-background.png</texture>
                </control>
                <control type="image">
                    <description>5th channel</description>
                    <posx>20</posx>
                    <posy>360</posy>
                    <width>317</width>
                    <height>38</height>
                    <texture>label-background.png</texture>
                </control>
                <control type="image">
                    <description>6th channel</description>
                    <posx>20</posx>
                    <posy>400</posy>
                    <width>317</width>
                    <height>38</height>
                    <texture>label-background.png</texture>
                </control>
                <control type="image">
                    <description>7th channel</description>
                    <posx>20</posx>
                    <posy>440</posy>
                    <width>317</width>
                    <height>38</height>
                    <texture>label-background.png</texture>
                </control>
                <control type="image">
                    <description>8th channel</description>
                    <posx>20</posx>
                    <posy>480</posy>
                    <width>317</width>
                    <height>38</height>
                    <texture>label-background.png</texture>
                </control>
                <control type="image">
                    <description>9th channel</description>
                    <posx>20</posx>
                    <posy>520</posy>
                    <width>317</width>
                    <height>38</height>
                    <texture>label-background.png</texture>
					<visible>false</visible>
                </control>

                <!-- text labels -->
                <control type="label" id="4010">
                    <description>1st channel</description>
                    <posx>115</posx>
                    <posy>200</posy>
                    <width>197</width>
                    <height>38</height>
                    <textcolor>ffb8b8b8</textcolor>
                    <font size="10">Font-WidgetCategory</font>
                    <align>left</align>
                    <aligny>center</aligny>
					<texturenofocus>tvguide-program-grey.png</texturenofocus>
                </control>
                <control type="label" id="4011">
                    <description>2nd channel</description>
                    <posx>115</posx>
                    <posy>240</posy>
                    <width>197</width>
                    <height>38</height>
                    <textcolor>ffb8b8b8</textcolor>
                    <font>Font-WidgetCategory</font>
                    <align>left</align>
                    <aligny>center</aligny>
                </control>
                <control type="label" id="4012">
                    <description>3rd channel</description>
                    <posx>115</posx>
                    <posy>280</posy>
                    <width>197</width>
                    <height>38</height>
                    <textcolor>ffb8b8b8</textcolor>
                    <font>Font-WidgetCategory</font>
                    <align>left</align>
                    <aligny>center</aligny>
                </control>
                <control type="label" id="4013">
                    <description>4th channel</description>
                    <posx>115</posx>
                    <posy>320</posy>
                    <width>197</width>
                    <height>38</height>
                    <textcolor>ffb8b8b8</textcolor>
                    <font>Font-WidgetCategory</font>
                    <align>left</align>
                    <aligny>center</aligny>
                </control>
                <control type="label" id="4014">
                    <description>5th channel</description>
                    <posx>115</posx>
                    <posy>360</posy>
                    <width>197</width>
                    <height>38</height>
                    <textcolor>ffb8b8b8</textcolor>
                    <font>Font-WidgetCategory</font>
                    <align>left</align>
                    <aligny>center</aligny>
                </control>
                <control type="label" id="4015">
                    <description>6th channel</description>
                    <posx>115</posx>
                    <posy>400</posy>
                    <width>197</width>
                    <height>38</height>
                    <textcolor>ffb8b8b8</textcolor>
                    <font>Font-WidgetCategory</font>
                    <align>left</align>
                    <aligny>center</aligny>
                </control>
                <control type="label" id="4016">
                    <description>7th channel</description>
                    <posx>115</posx>
                    <posy>440</posy>
                    <width>197</width>
                    <height>38</height>
                    <textcolor>ffb8b8b8</textcolor>
                    <font>Font-WidgetCategory</font>
                    <align>left</align>
                    <aligny>center</aligny>
                </control>
                <control type="label" id="4017">
                    <description>8th channel</description>
                    <posx>115</posx>
                    <posy>480</posy>
                    <width>197</width>
                    <height>38</height>
                    <textcolor>ffb8b8b8</textcolor>
                    <font>Font-WidgetCategory</font>
                    <align>left</align>
                    <aligny>center</aligny>
                </control>
                <control type="label" id="4018">
                    <description>9th channel</description>
                    <posx>115</posx>
                    <posy>520</posy>
                    <width>197</width>
                    <height>38</height>
                    <textcolor>ffb8b8b8</textcolor>
                    <font>Font-WidgetCategory</font>
                    <align>left</align>
                    <aligny>center</aligny>
                </control>

                <!-- logo images -->
                <control type="image" id="4110">
                    <description>1st channel</description>
                    <posx>27</posx>
                    <posy>200</posy>
                    <width>80</width>
                    <height>38</height>
                    <aspectratio>keep</aspectratio>
					<aligny>center</aligny>
                </control>
                <control type="image" id="4111">
                    <description>2nd channel</description>
                    <posx>27</posx>
                    <posy>240</posy>
                    <width>80</width>
                    <height>38</height>
                    <aspectratio>keep</aspectratio>
                    <aligny>center</aligny>
                </control>
                <control type="image" id="4112">
                    <description>3rd channel</description>
                    <posx>27</posx>
                    <posy>280</posy>
                    <width>80</width>
                    <height>38</height>
                    <aspectratio>keep</aspectratio>
                    <aligny>center</aligny>
                </control>
                <control type="image" id="4113">
                    <description>4th channel</description>
                    <posx>27</posx>
                    <posy>320</posy>
                    <width>80</width>
                    <height>38</height>
                    <aspectratio>keep</aspectratio>
                    <aligny>center</aligny>
                </control>
                <control type="image" id="4114">
                    <description>5th channel</description>
                    <posx>27</posx>
                    <posy>360</posy>
                    <width>80</width>
                    <height>38</height>
                    <aspectratio>keep</aspectratio>
                    <aligny>center</aligny>
                </control>
                <control type="image" id="4115">
                    <description>6th channel</description>
                    <posx>27</posx>
                    <posy>400</posy>
                    <width>80</width>
                    <height>38</height>
                    <aspectratio>keep</aspectratio>
                    <aligny>center</aligny>
                </control>
                <control type="image" id="4116">
                    <description>7th channel</description>
                    <posx>27</posx>
                    <posy>440</posy>
                    <width>80</width>
                    <height>38</height>
                    <aspectratio>keep</aspectratio>
                    <aligny>center</aligny>
                </control>
                <control type="image" id="4117">
                    <description>8th channel</description>
                    <posx>27</posx>
                    <posy>480</posy>
                    <width>80</width>
                    <height>38</height>
                    <aspectratio>keep</aspectratio>
                    <aligny>center</aligny>
                </control>
                <control type="image" id="4118">
                    <description>9th channel</description>
                    <posx>27</posx>
                    <posy>520</posy>
                    <width>80</width>
                    <height>38</height>
                    <aspectratio>keep</aspectratio>
                    <aligny>center</aligny>
                </control>
            </control>

            <control type="label" id="4020">
                <description>Program title</description>
                <posx>30</posx>
                <posy>520</posy>
                <width>630</width>
                <height>50</height>
                <textcolor>ffb8b8b8</textcolor>
                <font>Font-ListInfo</font>
				<align>left</align>
                <aligny>center</aligny>
            </control>
            <control type="image" id="4024">
                <description>Channel logo</description>
                <posx>960</posx>
                <posy>545</posy>
                <width>270</width>
                <height>110</height>
                <aspectratio>keep</aspectratio>
                <fadetime>500</fadetime>
                <visible>true</visible><!-- unused in default skin -->
            </control>
            <control type="label" id="4021">
                <description>Program time</description>
                <posx>30</posx>
                <posy>540</posy>
                <width>340</width>
                <height>50</height>
                <textcolor>ffb8b8b8</textcolor>
                <font>Font-ListInfo-Small</font>
                <align>left</align>
                <aligny>center</aligny>
            </control>
            <control type="textbox" id="4022">
                <description>Program description</description>
                <posx>30</posx>
                <posy>580</posy>
                <width>850</width>
                <height>88</height>
                <textcolor>ffb8b8b8</textcolor>
                <font>Font-ListInfo-Small</font>
				<align>justify</align>
                <wrapmultiline>true</wrapmultiline>
                <autoscroll time="3600" delay="6000" repeat="6000">true</autoscroll>
            </control>
            <control type="image" id="4023">
                <description>Program logo / Source logo</description>
                <posx>930</posx>
                <posy>515</posy>
                <width>320</width>
                <height>160</height>
                <aspectratio>keep</aspectratio>
                <fadetime>500</fadetime>
				<visible>false</visible>
                <texture>tvguide-logo-epg.png</texture>
            </control>

            
			
            <control type="label" id="4200">
                <description>visibility marker for loading group</description>
            </control>
            <control type="group">
                <posx>340</posx>
                <posy>250</posy>
                <width>600</width>
                <height>55</height>
                <visible>!Control.IsVisible(4200)</visible>
                <animation effect="fade" start="0" end="100" time="250" delay="1500">Visible</animation>

                <control type="image">
                    <description>loading splash</description>
                    <posx>0</posx>
                    <posy>0</posy>
                    <width>55</width>
                    <height>55</height>
                    <texture>tvguide-loading.gif</texture>
                </control>
                <control type="label">
                    <description>loading splash</description>
                    <posx>70</posx>
                    <posy>0</posy>
                    <width>600</width>
                    <height>55</height>
                    <label>$ADDON[script.ftvguide 30001]</label>
                    <textcolor>ffffffff</textcolor>
                    <font>font30</font>
                    <aligny>center</aligny>
                </control>
                <control type="progress" id="4201">
                    <posx>70</posx>
                    <posy>50</posy>
                    <width>580</width>
                    <height>2</height>
                    <texturebg />
                    <lefttexture />
                    <midtexture>tvguide-white-progress.png</midtexture>
                    <righttexture />
                </control>
                <control type="label" id="4202">
                    <description>loading time left</description>
                    <posx>70</posx>
                    <posy>50</posy>
                    <width>600</width>
                    <height>50</height>
                    <label>...</label>
                    <textcolor>ffffffff</textcolor>
                    <font>font13</font>
                    <aligny>center</aligny>
                </control>
                <control type="button" id="4203">
                    <posx>70</posx>
                    <posy>100</posy>
                    <width>150</width>
                    <height>50</height>
                    <label>$ADDON[script.ftvguide 30008]</label>
                    <textcolor>ffffffff</textcolor>
                    <font>font13</font>
                    <aligny>center</aligny>
                    <align>center</align>
                    <texturefocus>tvguide-program-grey-focus.png</texturefocus>
                    <texturenofocus>tvguide-program-grey.png</texturenofocus>
                </control>
            </control>

            <control type="label" id="4300">
                <description>visibility marker for mouse control group</description>
                <posx>0</posx>
                <posy>0</posy>
                <width>50</width>
                <height>50</height>
            </control>
            <control type="group">
                <posx>0</posx>
                <posy>720</posy>
                <width>1280</width>
                <height>70</height>
                <visible>!Control.IsVisible(4300)</visible>
                <animation effect="slide" start="0,0" end="0,-70" time="500">Visible</animation>
                <animation effect="slide" start="0,-70" end="0,0" time="500">Hidden</animation>

                <control type="image">
                    <posx>0</posx>
                    <posy>0</posy>
                    <width>1280</width>
                    <height>70</height>
                    <texture>tvguide-glasspane.png</texture>
                </control>
                <control type="image">
                    <posx>0</posx>
                    <posy>0</posy>
                    <width>1280</width>
                    <height>70</height>
                    <texture>tvguide-glasspane.png</texture>
                </control>
                <control type="label">
                    <posx>20</posx>
                    <posy>10</posy>
                    <width>300</width>
                    <height>50</height>
                    <label>$ADDON[script.ftvguide 30005]</label>
                    <textcolor>ffffffff</textcolor>
                    <font>font13</font>
                    <aligny>center</aligny>
                </control>
                <control type="label">
                    <posx>800</posx>
                    <posy>10</posy>
                    <width>400</width>
                    <height>50</height>
                    <label>$ADDON[script.ftvguide 30007]</label>
                    <textcolor>ffffffff</textcolor>
                    <font>font13</font>
                    <aligny>center</aligny>
                </control>

                <control type="button" id="4301">
                    <description>navigate to now</description>
                    <posx>200</posx>
                    <posy>10</posy>
                    <width>100</width>
                    <height>50</height>
                    <label>$ADDON[script.ftvguide 30006]</label>
                    <textcolor>ffffffff</textcolor>
                    <font>font13</font>
                    <aligny>center</aligny>
                    <align>center</align>
                    <texturefocus>tvguide-program-grey-focus.png</texturefocus>
                    <texturenofocus>tvguide-program-grey.png</texturenofocus>
                </control>

                <control type="button" id="4302">
                    <description>navigate left</description>
                    <posx>340</posx>
                    <posy>10</posy>
                    <width>100</width>
                    <height>50</height>
                    <textcolor>ffffffff</textcolor>
                    <font>font13</font>
                    <label>&lt;</label>
                    <aligny>center</aligny>
                    <align>center</align>
                    <texturefocus>tvguide-program-grey-focus.png</texturefocus>
                    <texturenofocus>tvguide-program-grey.png</texturenofocus>
                </control>
                <control type="button" id="4303">
                    <description>navigate up</description>
                    <posx>450</posx>
                    <posy>10</posy>
                    <width>100</width>
                    <height>50</height>
                    <textcolor>ffffffff</textcolor>
                    <font>font13</font>
                    <label>^</label>
                    <aligny>center</aligny>
                    <align>center</align>
                    <texturefocus>tvguide-program-grey-focus.png</texturefocus>
                    <texturenofocus>tvguide-program-grey.png</texturenofocus>
                </control>
                <control type="button" id="4304">
                    <description>navigate down</description>
                    <posx>560</posx>
                    <posy>10</posy>
                    <width>100</width>
                    <height>50</height>
                    <textcolor>ffffffff</textcolor>
                    <font>font13</font>
                    <label>v</label>
                    <aligny>center</aligny>
                    <align>center</align>
                    <texturefocus>tvguide-program-grey-focus.png</texturefocus>
                    <texturenofocus>tvguide-program-grey.png</texturenofocus>
                </control>
                <control type="button" id="4305">
                    <description>navigate right</description>
                    <posx>670</posx>
                    <posy>10</posy>
                    <width>100</width>
                    <height>50</height>
                    <textcolor>ffffffff</textcolor>
                    <font>font13</font>
                    <label>&gt;</label>
                    <aligny>center</aligny>
                    <align>center</align>
                    <texturefocus>tvguide-program-grey-focus.png</texturefocus>
                    <texturenofocus>tvguide-program-grey.png</texturenofocus>
                </control>

                <control type="button" id="4306">
                    <description>exit</description>
                    <posx>1220</posx>
                    <posy>10</posy>
                    <width>50</width>
                    <height>50</height>
                    <textcolor>ffffffff</textcolor>
                    <font>font13</font>
                    <label>X</label>
                    <aligny>center</aligny>
                    <align>center</align>
                    <texturefocus>tvguide-program-grey-focus.png</texturefocus>
                    <texturenofocus>tvguide-program-grey.png</texturenofocus>
                </control>

            </control>

        </control><!-- id="5000" -->
		
		

        <control type="videowindow">
            <posx>0</posx>
            <posy>0</posy>
            <width>1280</width>
            <height>720</height>
            <animation type="Conditional" condition="!Control.IsVisible(5000)">
                <effect type="zoom" end="20" center="1200,660" time="500" />
            </animation>
        </control>

        <control type="label" id="6000">
            <description>visibility marker for OSD Info bar</description>
        </control>
        <control type="group">
            <description>OSD Info bar</description>
            <posx>0</posx>
            <posy>0</posy>
            <width>1280</width>
            <height>720</height>
            <visible>!Control.IsVisible(6000)</visible>
            <animation effect="fade" start="0" end="100" time="500">VisibleChange</animation>

            <control type="image">
                <posx>0</posx>
                <posy>200</posy>
                <width>1280</width>
                <height>520</height>
                <texture>osd-main.png</texture>
            </control>

            <!-- Program description -->
            <control type="label" id="6001">
                <description>Program title</description>
                <posx>100</posx>
                <posy>500</posy>
                <width>850</width>
                <height>50</height>
                <label>[B]Title[/B]</label>
                <textcolor>ffffffff</textcolor>
                <font>font13</font>
                <aligny>center</aligny>
            </control>
            <control type="label" id="6002">
                <description>Program time</description>
                <posx>1160</posx>
                <posy>500</posy>
                <width>240</width>
                <height>50</height>
                <label>[B]18:00 - 20:00[/B]</label>
                <textcolor>ffffffff</textcolor>
                <font>font13</font>
                <align>right</align>
                <aligny>center</aligny>
            </control>
            <control type="textbox" id="6003">
                <description>Program description</description>
                <posx>100</posx>
                <posy>540</posy>
                <width>1060</width>
                <height>124</height>
                <label>Description</label>
                <textcolor>ffffffff</textcolor>
                <font>font13</font>
				<align>justify</align>
                <wrapmultiline>true</wrapmultiline>

                <autoscroll time="3600" delay="6000" repeat="6000">true</autoscroll>
            </control>
            <control type="image" id="6004">
                <description>Program channel logo</description>
                <posx>90</posx>
                <posy>465</posy>
                <width>80</width>
                <height>45</height>
				<align>right</align>
                <aspectratio>keep</aspectratio>
				<visible>true</visible>
            </control>
            <control type="label" id="6005">
                <description>Program channel text</description>
                <posx>180</posx>
                <posy>465</posy>
                <width>260</width>
                <height>45</height>
                <textcolor>ffffffff</textcolor>
                <font>font13</font>
                <align>left</align>
				<label>[B]Channel[/B]</label>
            </control>
			
			<control type="label">
                <description>Program channel text</description>
                <posx>1160</posx>
                <posy>465</posy>
                <width>260</width>
                <height>45</height>
                <textcolor>ffffffff</textcolor>
                <font>font13</font>
                <align>right</align>
				<label>$INFO[System.Time(hh:mm:xx)]$INFO[System.Date(" ddd")]$INFO[System.Date(" DD/MM")]</label>
            </control>
			
			<control type="image">
                <description>Program channel text</description>
                <posx>100</posx>
                <posy>660</posy>
                <width>16</width>
                <height>40</height>
				<texture>tvguide-channel-updownarrow.png</texture>
            </control>
			
			<control type="label">
                <description>Program channel text</description>
                <posx>120</posx>
                <posy>660</posy>
                <width>260</width>
                <height>45</height>
                <textcolor>ffaaaaaa</textcolor>
                <font>font13</font>
                <align>left</align>
				<label>Channels</label>
            </control>
			
			<control type="image">
                <description>Program channel text</description>
                <posx>220</posx>
                <posy>675</posy>
                <width>40</width>
                <height>16</height>
				<texture>tvguide-channel-leftrightarrow.png</texture>
            </control>
			
			<control type="label">
                <description>Program channel text</description>
                <posx>258</posx>
                <posy>660</posy>
                <width>260</width>
                <height>45</height>
                <textcolor>ffaaaaaa</textcolor>
                <font>font13</font>
                <align>left</align>
				<label>Time</label>
            </control>

        </control>

	</controls>
</window>
