<?xml version="1.0" encoding="UTF-8" standalone="yes"?>
<addon id="script.stealthguide" name="IPTV Stealth TV Guide" version="3.1.28" provider-name="CookieBoy Creations">
	<requires>
		<import addon="xbmc.python" version="2.1.0"/>
		<import addon="script.module.simplejson" version="2.0.10"/>
	
	</requires>
	<extension point="xbmc.python.script" library="addon.py"/>
    <extension point="xbmc.service" library="service.py" start="login"/>
	<extension point="xbmc.addon.metadata">
		<summary lang="en">IPTV Stealth Guide allows you to watch all your stealth tv channels in a very easy to use EPG</summary>
		<description lang="en">IPTV Stealth Guide allows you to watch all your stealth tv channels in a very easy to use EPG</description>
		<disclaimer lang="en">For any help or advice with this addon pelase visit www.iptvstealth.com</disclaimer>
		<language></language>
		<platform>all</platform>
		<license>GPLv2</license>
		<forum></forum>
		<website></website>
		<email></email>
		<source></source>
	</extension>
</addon>
